id|titulo|noticia|categoria
1|Expertos advirtieron sobre nuevas modalidades de fraude digital en...|Expertos advirtieron sobre nuevas modalidades de fraude digital en redes sociales. Los resultados serán evaluados al finalizar la semana.|tecnología
2|La empresa migró sus servicios a la nube para...|La empresa migró sus servicios a la nube para mejorar disponibilidad y escalabilidad.|tecnología
3|Un informe destacó el crecimiento del comercio electrónico en...|Un informe destacó el crecimiento del comercio electrónico en negocios pequeños.|tecnología
4|Varios legisladores solicitaron información sobre el uso de recursos...|Varios legisladores solicitaron información sobre el uso de recursos en programas sociales.|política
5|El ministerio anunció líneas de crédito para apoyar a...|El ministerio anunció líneas de crédito para apoyar a productores agrícolas.|economía
6|Un informe destacó el crecimiento del comercio electrónico en...|Un informe destacó el crecimiento del comercio electrónico en negocios pequeños.|tecnología
7|El rector informó cambios en el calendario académico por...|El rector informó cambios en el calendario académico por actividades institucionales. El anuncio fue recibido con expectativa por la comunidad.|educación
8|La institución educativa organizó una feria de lectura con...|La institución educativa organizó una feria de lectura con actividades para niños.|educación
9|Un accidente de tránsito dejó dos personas heridas en...|Un accidente de tránsito dejó dos personas heridas en una avenida de alta circulación. El anuncio fue recibido con expectativa por la comunidad.|crónica roja
10|Pequeños emprendedores reportaron mayores ventas durante la feria local...|Pequeños emprendedores reportaron mayores ventas durante la feria local de negocios. Los resultados serán evaluados al finalizar la semana.|economía
11|El equipo local ganó 1-0 en un partido intenso...|El equipo local ganó 1-0 en un partido intenso y se mantiene en la pelea por el campeonato. Se esperan nuevos detalles en las próximas horas.|deportes
12|El ministerio anunció becas para estudiantes con alto rendimiento...|El ministerio anunció becas para estudiantes con alto rendimiento académico.|educación
13|Pequeños emprendedores reportaron mayores ventas durante la feria local...|Pequeños emprendedores reportaron mayores ventas durante la feria local de negocios.|economía
14|La liga publicó el calendario de la siguiente fecha...|La liga publicó el calendario de la siguiente fecha con varios encuentros decisivos.|deportes
15|Estudiantes crearon una página web para difundir información turística...|Estudiantes crearon una página web para difundir información turística local. El hecho generó comentarios entre los ciudadanos.|tecnología
16|Un centro de innovación presentó soluciones basadas en inteligencia...|Un centro de innovación presentó soluciones basadas en inteligencia artificial. El anuncio fue recibido con expectativa por la comunidad.|tecnología
17|Un informe financiero destacó el crecimiento de pagos digitales...|Un informe financiero destacó el crecimiento de pagos digitales en pequeñas empresas. Se esperan nuevos detalles en las próximas horas.|economía
18|Un accidente de tránsito dejó dos personas heridas en...|Un accidente de tránsito dejó dos personas heridas en una avenida de alta circulación. La medida forma parte de un plan institucional.|crónica roja
19|El comité deportivo presentó un plan para mejorar la...|El comité deportivo presentó un plan para mejorar la infraestructura de los escenarios locales.|deportes
20|El ministerio de salud entregó nuevas dosis de vacunas...|El ministerio de salud entregó nuevas dosis de vacunas a centros comunitarios. La información fue confirmada por fuentes oficiales.|salud
21|El consejo electoral presentó el cronograma preliminar para el...|El consejo electoral presentó el cronograma preliminar para el siguiente proceso democrático.|política
22|La institución educativa organizó una feria de lectura con...|La institución educativa organizó una feria de lectura con actividades para niños.|educación
23|Especialistas recomendaron mantener hábitos de higiene para reducir contagios...|Especialistas recomendaron mantener hábitos de higiene para reducir contagios en escuelas. La medida forma parte de un plan institucional.|salud
24|Estudiantes crearon una página web para difundir información turística...|Estudiantes crearon una página web para difundir información turística local.|tecnología
25|Una universidad presentó nuevos cursos orientados a competencias digitales...|Una universidad presentó nuevos cursos orientados a competencias digitales.|educación
26|El ministerio anunció líneas de crédito para apoyar a...|El ministerio anunció líneas de crédito para apoyar a productores agrícolas.|economía
27|Un nuevo programa busca fortalecer la salud mental en...|Un nuevo programa busca fortalecer la salud mental en adolescentes. El anuncio fue recibido con expectativa por la comunidad.|salud
28|Nutricionistas promovieron una alimentación equilibrada en una jornada educativa...|Nutricionistas promovieron una alimentación equilibrada en una jornada educativa.|salud
29|La nadadora ganó medalla de plata en la competencia...|La nadadora ganó medalla de plata en la competencia sudamericana juvenil. La información fue confirmada por fuentes oficiales.|deportes
30|Docentes participaron en una capacitación sobre evaluación formativa y...|Docentes participaron en una capacitación sobre evaluación formativa y uso de tecnología. El hecho generó comentarios entre los ciudadanos.|educación
31|El comité deportivo presentó un plan para mejorar la...|El comité deportivo presentó un plan para mejorar la infraestructura de los escenarios locales.|deportes
32|Un accidente de tránsito dejó dos personas heridas en...|Un accidente de tránsito dejó dos personas heridas en una avenida de alta circulación. La información fue confirmada por fuentes oficiales.|crónica roja
33|Varios legisladores solicitaron información sobre el uso de recursos...|Varios legisladores solicitaron información sobre el uso de recursos en programas sociales.|política
34|Las autoridades pidieron a la ciudadanía denunciar actividades sospechosas...|Las autoridades pidieron a la ciudadanía denunciar actividades sospechosas en su sector.|crónica roja
35|La nadadora ganó medalla de plata en la competencia...|La nadadora ganó medalla de plata en la competencia sudamericana juvenil.|deportes
36|Organizaciones ciudadanas pidieron mayor participación en la elaboración de...|Organizaciones ciudadanas pidieron mayor participación en la elaboración de políticas públicas.|política
37|Empresas exportadoras esperan mejorar sus ingresos por el aumento...|Empresas exportadoras esperan mejorar sus ingresos por el aumento de la demanda externa. La medida forma parte de un plan institucional.|economía
38|El ministerio anunció becas para estudiantes con alto rendimiento...|El ministerio anunció becas para estudiantes con alto rendimiento académico. La información fue confirmada por fuentes oficiales.|educación
39|Autoridades sanitarias verificaron el cumplimiento de normas de bioseguridad...|Autoridades sanitarias verificaron el cumplimiento de normas de bioseguridad en mercados.|salud
40|Autoridades sanitarias verificaron el cumplimiento de normas de bioseguridad...|Autoridades sanitarias verificaron el cumplimiento de normas de bioseguridad en mercados. Los resultados serán evaluados al finalizar la semana.|salud
41|Organizaciones ciudadanas pidieron mayor participación en la elaboración de...|Organizaciones ciudadanas pidieron mayor participación en la elaboración de políticas públicas. Los resultados serán evaluados al finalizar la semana.|política
42|La oposición criticó la falta de acuerdos en el...|La oposición criticó la falta de acuerdos en el tratamiento de una ley económica. La información fue confirmada por fuentes oficiales.|política
43|Médicos alertaron sobre el aumento de casos de deshidratación...|Médicos alertaron sobre el aumento de casos de deshidratación durante la temporada seca.|salud
44|El consejo electoral presentó el cronograma preliminar para el...|El consejo electoral presentó el cronograma preliminar para el siguiente proceso democrático.|política
45|Analistas prevén un crecimiento moderado del sector comercial durante...|Analistas prevén un crecimiento moderado del sector comercial durante el próximo trimestre.|economía
46|Autoridades sanitarias verificaron el cumplimiento de normas de bioseguridad...|Autoridades sanitarias verificaron el cumplimiento de normas de bioseguridad en mercados. El anuncio fue recibido con expectativa por la comunidad.|salud
47|La institución educativa organizó una feria de lectura con...|La institución educativa organizó una feria de lectura con actividades para niños.|educación
48|Un centro de innovación presentó soluciones basadas en inteligencia...|Un centro de innovación presentó soluciones basadas en inteligencia artificial. La medida forma parte de un plan institucional.|tecnología
49|Un bloque político propuso cambios al reglamento interno de...|Un bloque político propuso cambios al reglamento interno de la institución. La medida forma parte de un plan institucional.|política
50|El árbitro fue cuestionado por una decisión polémica durante...|El árbitro fue cuestionado por una decisión polémica durante el clásico.|deportes
51|Autoridades sanitarias verificaron el cumplimiento de normas de bioseguridad...|Autoridades sanitarias verificaron el cumplimiento de normas de bioseguridad en mercados. Los resultados serán evaluados al finalizar la semana.|salud
52|Pequeños emprendedores reportaron mayores ventas durante la feria local...|Pequeños emprendedores reportaron mayores ventas durante la feria local de negocios. El anuncio fue recibido con expectativa por la comunidad.|economía
53|La actualización del sistema mejoró la seguridad y el...|La actualización del sistema mejoró la seguridad y el rendimiento de la plataforma.|tecnología
54|Un operativo nocturno permitió capturar a sospechosos vinculados con...|Un operativo nocturno permitió capturar a sospechosos vinculados con delitos menores. La medida forma parte de un plan institucional.|crónica roja
55|Investigadores desarrollaron un prototipo de robot educativo para clases...|Investigadores desarrollaron un prototipo de robot educativo para clases de programación.|tecnología
56|Pequeños emprendedores reportaron mayores ventas durante la feria local...|Pequeños emprendedores reportaron mayores ventas durante la feria local de negocios. La medida forma parte de un plan institucional.|economía
57|Un centro de innovación presentó soluciones basadas en inteligencia...|Un centro de innovación presentó soluciones basadas en inteligencia artificial.|tecnología
58|La nadadora ganó medalla de plata en la competencia...|La nadadora ganó medalla de plata en la competencia sudamericana juvenil.|deportes
59|Organizaciones ciudadanas pidieron mayor participación en la elaboración de...|Organizaciones ciudadanas pidieron mayor participación en la elaboración de políticas públicas.|política
60|Un programa de tutorías busca reducir la deserción en...|Un programa de tutorías busca reducir la deserción en los primeros ciclos universitarios.|educación
61|La oposición criticó la falta de acuerdos en el...|La oposición criticó la falta de acuerdos en el tratamiento de una ley económica. La medida forma parte de un plan institucional.|política
62|El precio de varios productos básicos registró una ligera...|El precio de varios productos básicos registró una ligera variación durante la última semana.|economía
63|Padres de familia participaron en una reunión sobre convivencia...|Padres de familia participaron en una reunión sobre convivencia escolar.|educación
64|Un centro de innovación presentó soluciones basadas en inteligencia...|Un centro de innovación presentó soluciones basadas en inteligencia artificial. El hecho generó comentarios entre los ciudadanos.|tecnología
65|Empresas exportadoras esperan mejorar sus ingresos por el aumento...|Empresas exportadoras esperan mejorar sus ingresos por el aumento de la demanda externa.|economía
66|El comité deportivo presentó un plan para mejorar la...|El comité deportivo presentó un plan para mejorar la infraestructura de los escenarios locales. Los resultados serán evaluados al finalizar la semana.|deportes
67|Especialistas recomendaron mantener hábitos de higiene para reducir contagios...|Especialistas recomendaron mantener hábitos de higiene para reducir contagios en escuelas.|salud
68|La actualización del sistema mejoró la seguridad y el...|La actualización del sistema mejoró la seguridad y el rendimiento de la plataforma.|tecnología
69|La oposición criticó la falta de acuerdos en el...|La oposición criticó la falta de acuerdos en el tratamiento de una ley económica. Los resultados serán evaluados al finalizar la semana.|política
70|La Asamblea debatió una reforma legal relacionada con la...|La Asamblea debatió una reforma legal relacionada con la transparencia en la gestión pública.|política
71|El centro de salud amplió sus horarios para mejorar...|El centro de salud amplió sus horarios para mejorar la atención de pacientes crónicos.|salud
72|El precio de varios productos básicos registró una ligera...|El precio de varios productos básicos registró una ligera variación durante la última semana.|economía
73|El gobierno anunció una reunión con alcaldes para coordinar...|El gobierno anunció una reunión con alcaldes para coordinar proyectos de infraestructura. Se esperan nuevos detalles en las próximas horas.|política
74|El personal médico recibió capacitación sobre atención rápida en...|El personal médico recibió capacitación sobre atención rápida en emergencias. El anuncio fue recibido con expectativa por la comunidad.|salud
75|La oposición criticó la falta de acuerdos en el...|La oposición criticó la falta de acuerdos en el tratamiento de una ley económica. Se esperan nuevos detalles en las próximas horas.|política
76|La feria tecnológica reunió emprendimientos de software, hardware y...|La feria tecnológica reunió emprendimientos de software, hardware y datos.|tecnología
77|Un incendio en un local comercial fue controlado por...|Un incendio en un local comercial fue controlado por bomberos sin víctimas mortales.|crónica roja
78|El precio de varios productos básicos registró una ligera...|El precio de varios productos básicos registró una ligera variación durante la última semana.|economía
79|Una universidad presentó nuevos cursos orientados a competencias digitales...|Una universidad presentó nuevos cursos orientados a competencias digitales.|educación
80|La biblioteca escolar recibió nuevos libros para promover el...|La biblioteca escolar recibió nuevos libros para promover el hábito lector. El hecho generó comentarios entre los ciudadanos.|educación
81|La empresa migró sus servicios a la nube para...|La empresa migró sus servicios a la nube para mejorar disponibilidad y escalabilidad.|tecnología
82|La policía investiga un asalto registrado la noche del...|La policía investiga un asalto registrado la noche del martes en el centro de la ciudad.|crónica roja
83|Vecinos alertaron sobre un robo a una vivienda y...|Vecinos alertaron sobre un robo a una vivienda y entregaron videos a los investigadores. El anuncio fue recibido con expectativa por la comunidad.|crónica roja
84|Empresas exportadoras esperan mejorar sus ingresos por el aumento...|Empresas exportadoras esperan mejorar sus ingresos por el aumento de la demanda externa.|economía
85|La nadadora ganó medalla de plata en la competencia...|La nadadora ganó medalla de plata en la competencia sudamericana juvenil.|deportes
86|Un bloque político propuso cambios al reglamento interno de...|Un bloque político propuso cambios al reglamento interno de la institución. La medida forma parte de un plan institucional.|política
87|El personal médico recibió capacitación sobre atención rápida en...|El personal médico recibió capacitación sobre atención rápida en emergencias.|salud
88|El equipo local ganó 1-0 en un partido intenso...|El equipo local ganó 1-0 en un partido intenso y se mantiene en la pelea por el campeonato. Los resultados serán evaluados al finalizar la semana.|deportes
89|Un ciudadano fue detenido tras una persecución iniciada por...|Un ciudadano fue detenido tras una persecución iniciada por agentes de seguridad.|crónica roja
90|Una empresa lanzó una aplicación móvil para facilitar pagos...|Una empresa lanzó una aplicación móvil para facilitar pagos y reservas en línea.|tecnología
91|El banco central publicó indicadores que muestran estabilidad en...|El banco central publicó indicadores que muestran estabilidad en el consumo interno.|economía
92|El precio de varios productos básicos registró una ligera...|El precio de varios productos básicos registró una ligera variación durante la última semana.|economía
93|El mercado laboral mostró señales de recuperación en actividades...|El mercado laboral mostró señales de recuperación en actividades de servicios.|economía
94|El presidente firmó un decreto para reorganizar competencias de...|El presidente firmó un decreto para reorganizar competencias de varias entidades estatales. El hecho generó comentarios entre los ciudadanos.|política
95|Investigadores desarrollaron un prototipo de robot educativo para clases...|Investigadores desarrollaron un prototipo de robot educativo para clases de programación. La medida forma parte de un plan institucional.|tecnología
96|El precio de varios productos básicos registró una ligera...|El precio de varios productos básicos registró una ligera variación durante la última semana.|economía
97|Un informe destacó el crecimiento del comercio electrónico en...|Un informe destacó el crecimiento del comercio electrónico en negocios pequeños. Se esperan nuevos detalles en las próximas horas.|tecnología
98|Una empresa lanzó una aplicación móvil para facilitar pagos...|Una empresa lanzó una aplicación móvil para facilitar pagos y reservas en línea. El anuncio fue recibido con expectativa por la comunidad.|tecnología
99|El árbitro fue cuestionado por una decisión polémica durante...|El árbitro fue cuestionado por una decisión polémica durante el clásico.|deportes
100|El equipo local ganó 1-4 en un partido intenso...|El equipo local ganó 1-4 en un partido intenso y se mantiene en la pelea por el campeonato.|deportes
101|El centro de salud amplió sus horarios para mejorar...|El centro de salud amplió sus horarios para mejorar la atención de pacientes crónicos. Se esperan nuevos detalles en las próximas horas.|salud
102|Un centro de innovación presentó soluciones basadas en inteligencia...|Un centro de innovación presentó soluciones basadas en inteligencia artificial. Los resultados serán evaluados al finalizar la semana.|tecnología
103|Un incendio en un local comercial fue controlado por...|Un incendio en un local comercial fue controlado por bomberos sin víctimas mortales.|crónica roja
104|El precio de varios productos básicos registró una ligera...|El precio de varios productos básicos registró una ligera variación durante la última semana.|economía
105|Un nuevo programa busca fortalecer la salud mental en...|Un nuevo programa busca fortalecer la salud mental en adolescentes.|salud
106|Investigadores desarrollaron un prototipo de robot educativo para clases...|Investigadores desarrollaron un prototipo de robot educativo para clases de programación. Se esperan nuevos detalles en las próximas horas.|tecnología
107|Un informe financiero destacó el crecimiento de pagos digitales...|Un informe financiero destacó el crecimiento de pagos digitales en pequeñas empresas. La información fue confirmada por fuentes oficiales.|economía
108|Un bloque político propuso cambios al reglamento interno de...|Un bloque político propuso cambios al reglamento interno de la institución.|política
109|La selección anunció una nueva convocatoria con jóvenes talentos...|La selección anunció una nueva convocatoria con jóvenes talentos para el próximo amistoso internacional. El hecho generó comentarios entre los ciudadanos.|deportes
110|La fiscalía abrió una investigación por un caso de...|La fiscalía abrió una investigación por un caso de estafa denunciado por varias familias. La medida forma parte de un plan institucional.|crónica roja
111|El club confirmó la renovación de su entrenador tras...|El club confirmó la renovación de su entrenador tras una temporada con resultados positivos. La información fue confirmada por fuentes oficiales.|deportes
112|El rector informó cambios en el calendario académico por...|El rector informó cambios en el calendario académico por actividades institucionales. La información fue confirmada por fuentes oficiales.|educación
113|Nutricionistas promovieron una alimentación equilibrada en una jornada educativa...|Nutricionistas promovieron una alimentación equilibrada en una jornada educativa.|salud
114|El tenista avanzó a semifinales luego de vencer a...|El tenista avanzó a semifinales luego de vencer a un rival mejor ubicado en el ranking. El anuncio fue recibido con expectativa por la comunidad.|deportes
115|Vecinos alertaron sobre un robo a una vivienda y...|Vecinos alertaron sobre un robo a una vivienda y entregaron videos a los investigadores.|crónica roja
116|Las autoridades pidieron a la ciudadanía denunciar actividades sospechosas...|Las autoridades pidieron a la ciudadanía denunciar actividades sospechosas en su sector. El anuncio fue recibido con expectativa por la comunidad.|crónica roja
117|Un bloque político propuso cambios al reglamento interno de...|Un bloque político propuso cambios al reglamento interno de la institución. El anuncio fue recibido con expectativa por la comunidad.|política
118|Autoridades sanitarias verificaron el cumplimiento de normas de bioseguridad...|Autoridades sanitarias verificaron el cumplimiento de normas de bioseguridad en mercados.|salud
119|Investigadores desarrollaron un prototipo de robot educativo para clases...|Investigadores desarrollaron un prototipo de robot educativo para clases de programación.|tecnología
120|Un bloque político propuso cambios al reglamento interno de...|Un bloque político propuso cambios al reglamento interno de la institución. Los resultados serán evaluados al finalizar la semana.|política
121|Un operativo nocturno permitió capturar a sospechosos vinculados con...|Un operativo nocturno permitió capturar a sospechosos vinculados con delitos menores.|crónica roja
122|Un informe financiero destacó el crecimiento de pagos digitales...|Un informe financiero destacó el crecimiento de pagos digitales en pequeñas empresas.|economía
123|Un bloque político propuso cambios al reglamento interno de...|Un bloque político propuso cambios al reglamento interno de la institución.|política
124|Un alcalde presentó su informe anual de gestión ante...|Un alcalde presentó su informe anual de gestión ante el concejo municipal.|política
125|La ministra defendió el plan gubernamental durante una comparecencia...|La ministra defendió el plan gubernamental durante una comparecencia ante una comisión. La medida forma parte de un plan institucional.|política
126|Médicos alertaron sobre el aumento de casos de deshidratación...|Médicos alertaron sobre el aumento de casos de deshidratación durante la temporada seca.|salud
127|El consejo electoral presentó el cronograma preliminar para el...|El consejo electoral presentó el cronograma preliminar para el siguiente proceso democrático.|política
128|El centro de salud amplió sus horarios para mejorar...|El centro de salud amplió sus horarios para mejorar la atención de pacientes crónicos.|salud
129|Una brigada médica atendió a familias de sectores rurales...|Una brigada médica atendió a familias de sectores rurales durante el fin de semana. Los resultados serán evaluados al finalizar la semana.|salud
130|Vecinos alertaron sobre un robo a una vivienda y...|Vecinos alertaron sobre un robo a una vivienda y entregaron videos a los investigadores. El hecho generó comentarios entre los ciudadanos.|crónica roja
131|El equipo local ganó 2-0 en un partido intenso...|El equipo local ganó 2-0 en un partido intenso y se mantiene en la pelea por el campeonato.|deportes
132|Una brigada médica atendió a familias de sectores rurales...|Una brigada médica atendió a familias de sectores rurales durante el fin de semana.|salud
133|Estudiantes desarrollaron proyectos de investigación para resolver problemas de...|Estudiantes desarrollaron proyectos de investigación para resolver problemas de su comunidad.|educación
134|Estudiantes crearon una página web para difundir información turística...|Estudiantes crearon una página web para difundir información turística local.|tecnología
135|La inflación mensual se mantuvo controlada según el último...|La inflación mensual se mantuvo controlada según el último informe económico.|economía
136|Vecinos alertaron sobre un robo a una vivienda y...|Vecinos alertaron sobre un robo a una vivienda y entregaron videos a los investigadores.|crónica roja
137|El ministerio anunció líneas de crédito para apoyar a...|El ministerio anunció líneas de crédito para apoyar a productores agrícolas.|economía
138|Un nuevo programa busca fortalecer la salud mental en...|Un nuevo programa busca fortalecer la salud mental en adolescentes.|salud
139|Un centro de innovación presentó soluciones basadas en inteligencia...|Un centro de innovación presentó soluciones basadas en inteligencia artificial.|tecnología
140|El equipo local ganó 5-4 en un partido intenso...|El equipo local ganó 5-4 en un partido intenso y se mantiene en la pelea por el campeonato. Se esperan nuevos detalles en las próximas horas.|deportes
141|El hospital inició una campaña preventiva para detectar enfermedades...|El hospital inició una campaña preventiva para detectar enfermedades respiratorias en adultos mayores.|salud
142|La selección anunció una nueva convocatoria con jóvenes talentos...|La selección anunció una nueva convocatoria con jóvenes talentos para el próximo amistoso internacional. La medida forma parte de un plan institucional.|deportes
143|Padres de familia participaron en una reunión sobre convivencia...|Padres de familia participaron en una reunión sobre convivencia escolar. La medida forma parte de un plan institucional.|educación
144|Un operativo nocturno permitió capturar a sospechosos vinculados con...|Un operativo nocturno permitió capturar a sospechosos vinculados con delitos menores. El hecho generó comentarios entre los ciudadanos.|crónica roja
145|Nutricionistas promovieron una alimentación equilibrada en una jornada educativa...|Nutricionistas promovieron una alimentación equilibrada en una jornada educativa. Se esperan nuevos detalles en las próximas horas.|salud
146|Un bloque político propuso cambios al reglamento interno de...|Un bloque político propuso cambios al reglamento interno de la institución.|política
147|Comerciantes solicitaron medidas para reducir costos logísticos y fortalecer...|Comerciantes solicitaron medidas para reducir costos logísticos y fortalecer la competitividad.|economía
148|La feria tecnológica reunió emprendimientos de software, hardware y...|La feria tecnológica reunió emprendimientos de software, hardware y datos.|tecnología
149|Especialistas recomendaron mantener hábitos de higiene para reducir contagios...|Especialistas recomendaron mantener hábitos de higiene para reducir contagios en escuelas.|salud
150|El tenista avanzó a semifinales luego de vencer a...|El tenista avanzó a semifinales luego de vencer a un rival mejor ubicado en el ranking. El anuncio fue recibido con expectativa por la comunidad.|deportes
151|La oposición criticó la falta de acuerdos en el...|La oposición criticó la falta de acuerdos en el tratamiento de una ley económica.|política
152|El ministerio de salud entregó nuevas dosis de vacunas...|El ministerio de salud entregó nuevas dosis de vacunas a centros comunitarios.|salud
153|La ciudad instaló sensores inteligentes para monitorear el tráfico...|La ciudad instaló sensores inteligentes para monitorear el tráfico en tiempo real. El anuncio fue recibido con expectativa por la comunidad.|tecnología
154|Un incendio en un local comercial fue controlado por...|Un incendio en un local comercial fue controlado por bomberos sin víctimas mortales. El anuncio fue recibido con expectativa por la comunidad.|crónica roja
155|Una universidad presentó nuevos cursos orientados a competencias digitales...|Una universidad presentó nuevos cursos orientados a competencias digitales. El anuncio fue recibido con expectativa por la comunidad.|educación
156|Varios legisladores solicitaron información sobre el uso de recursos...|Varios legisladores solicitaron información sobre el uso de recursos en programas sociales.|política
157|La inflación mensual se mantuvo controlada según el último...|La inflación mensual se mantuvo controlada según el último informe económico.|economía
158|Docentes participaron en una capacitación sobre evaluación formativa y...|Docentes participaron en una capacitación sobre evaluación formativa y uso de tecnología.|educación
159|El tenista avanzó a semifinales luego de vencer a...|El tenista avanzó a semifinales luego de vencer a un rival mejor ubicado en el ranking. Los resultados serán evaluados al finalizar la semana.|deportes
160|Docentes participaron en una capacitación sobre evaluación formativa y...|Docentes participaron en una capacitación sobre evaluación formativa y uso de tecnología.|educación
161|Un centro de innovación presentó soluciones basadas en inteligencia...|Un centro de innovación presentó soluciones basadas en inteligencia artificial. Los resultados serán evaluados al finalizar la semana.|tecnología
162|Un informe destacó el crecimiento del comercio electrónico en...|Un informe destacó el crecimiento del comercio electrónico en negocios pequeños. Los resultados serán evaluados al finalizar la semana.|tecnología
163|El centro de salud amplió sus horarios para mejorar...|El centro de salud amplió sus horarios para mejorar la atención de pacientes crónicos.|salud
164|El club confirmó la renovación de su entrenador tras...|El club confirmó la renovación de su entrenador tras una temporada con resultados positivos. El hecho generó comentarios entre los ciudadanos.|deportes
165|El rector informó cambios en el calendario académico por...|El rector informó cambios en el calendario académico por actividades institucionales.|educación
166|Un informe destacó el crecimiento del comercio electrónico en...|Un informe destacó el crecimiento del comercio electrónico en negocios pequeños.|tecnología
167|La ministra defendió el plan gubernamental durante una comparecencia...|La ministra defendió el plan gubernamental durante una comparecencia ante una comisión.|política
168|El rector informó cambios en el calendario académico por...|El rector informó cambios en el calendario académico por actividades institucionales.|educación
169|La empresa migró sus servicios a la nube para...|La empresa migró sus servicios a la nube para mejorar disponibilidad y escalabilidad. Los resultados serán evaluados al finalizar la semana.|tecnología
170|Un informe financiero destacó el crecimiento de pagos digitales...|Un informe financiero destacó el crecimiento de pagos digitales en pequeñas empresas. El anuncio fue recibido con expectativa por la comunidad.|economía
171|Un operativo nocturno permitió capturar a sospechosos vinculados con...|Un operativo nocturno permitió capturar a sospechosos vinculados con delitos menores.|crónica roja
172|Las autoridades pidieron a la ciudadanía denunciar actividades sospechosas...|Las autoridades pidieron a la ciudadanía denunciar actividades sospechosas en su sector. La información fue confirmada por fuentes oficiales.|crónica roja
173|Un nuevo programa busca fortalecer la salud mental en...|Un nuevo programa busca fortalecer la salud mental en adolescentes.|salud
174|El hospital inició una campaña preventiva para detectar enfermedades...|El hospital inició una campaña preventiva para detectar enfermedades respiratorias en adultos mayores.|salud
175|La fiscalía abrió una investigación por un caso de...|La fiscalía abrió una investigación por un caso de estafa denunciado por varias familias.|crónica roja
176|El presidente firmó un decreto para reorganizar competencias de...|El presidente firmó un decreto para reorganizar competencias de varias entidades estatales.|política
177|El hospital inició una campaña preventiva para detectar enfermedades...|El hospital inició una campaña preventiva para detectar enfermedades respiratorias en adultos mayores. El hecho generó comentarios entre los ciudadanos.|salud
178|Un nuevo programa busca fortalecer la salud mental en...|Un nuevo programa busca fortalecer la salud mental en adolescentes. Se esperan nuevos detalles en las próximas horas.|salud
179|El gobierno anunció una reunión con alcaldes para coordinar...|El gobierno anunció una reunión con alcaldes para coordinar proyectos de infraestructura. El anuncio fue recibido con expectativa por la comunidad.|política
180|El rector informó cambios en el calendario académico por...|El rector informó cambios en el calendario académico por actividades institucionales. La información fue confirmada por fuentes oficiales.|educación
181|Estudiantes desarrollaron proyectos de investigación para resolver problemas de...|Estudiantes desarrollaron proyectos de investigación para resolver problemas de su comunidad.|educación
182|Un informe destacó el crecimiento del comercio electrónico en...|Un informe destacó el crecimiento del comercio electrónico en negocios pequeños. El anuncio fue recibido con expectativa por la comunidad.|tecnología
183|Expertos advirtieron sobre nuevas modalidades de fraude digital en...|Expertos advirtieron sobre nuevas modalidades de fraude digital en redes sociales. Los resultados serán evaluados al finalizar la semana.|tecnología
184|Un ciudadano fue detenido tras una persecución iniciada por...|Un ciudadano fue detenido tras una persecución iniciada por agentes de seguridad.|crónica roja
185|Un incendio en un local comercial fue controlado por...|Un incendio en un local comercial fue controlado por bomberos sin víctimas mortales.|crónica roja
186|La nadadora ganó medalla de plata en la competencia...|La nadadora ganó medalla de plata en la competencia sudamericana juvenil.|deportes
187|La policía recuperó una motocicleta reportada como robada durante...|La policía recuperó una motocicleta reportada como robada durante un control rutinario.|crónica roja
188|El club confirmó la renovación de su entrenador tras...|El club confirmó la renovación de su entrenador tras una temporada con resultados positivos. La información fue confirmada por fuentes oficiales.|deportes
189|El precio de varios productos básicos registró una ligera...|El precio de varios productos básicos registró una ligera variación durante la última semana.|economía
190|La institución educativa organizó una feria de lectura con...|La institución educativa organizó una feria de lectura con actividades para niños. La información fue confirmada por fuentes oficiales.|educación
191|Especialistas recomendaron mantener hábitos de higiene para reducir contagios...|Especialistas recomendaron mantener hábitos de higiene para reducir contagios en escuelas.|salud
192|La oposición criticó la falta de acuerdos en el...|La oposición criticó la falta de acuerdos en el tratamiento de una ley económica.|política
193|Pequeños emprendedores reportaron mayores ventas durante la feria local...|Pequeños emprendedores reportaron mayores ventas durante la feria local de negocios. La medida forma parte de un plan institucional.|economía
194|El tenista avanzó a semifinales luego de vencer a...|El tenista avanzó a semifinales luego de vencer a un rival mejor ubicado en el ranking. Los resultados serán evaluados al finalizar la semana.|deportes
195|El árbitro fue cuestionado por una decisión polémica durante...|El árbitro fue cuestionado por una decisión polémica durante el clásico. La información fue confirmada por fuentes oficiales.|deportes
196|Expertos advirtieron sobre nuevas modalidades de fraude digital en...|Expertos advirtieron sobre nuevas modalidades de fraude digital en redes sociales.|tecnología
197|Una brigada médica atendió a familias de sectores rurales...|Una brigada médica atendió a familias de sectores rurales durante el fin de semana.|salud
198|Estudiantes crearon una página web para difundir información turística...|Estudiantes crearon una página web para difundir información turística local. Los resultados serán evaluados al finalizar la semana.|tecnología
199|La actualización del sistema mejoró la seguridad y el...|La actualización del sistema mejoró la seguridad y el rendimiento de la plataforma.|tecnología
200|El ministerio de salud entregó nuevas dosis de vacunas...|El ministerio de salud entregó nuevas dosis de vacunas a centros comunitarios. La información fue confirmada por fuentes oficiales.|salud
201|La liga publicó el calendario de la siguiente fecha...|La liga publicó el calendario de la siguiente fecha con varios encuentros decisivos. El anuncio fue recibido con expectativa por la comunidad.|deportes
202|Investigadores desarrollaron un prototipo de robot educativo para clases...|Investigadores desarrollaron un prototipo de robot educativo para clases de programación. El hecho generó comentarios entre los ciudadanos.|tecnología
203|Docentes participaron en una capacitación sobre evaluación formativa y...|Docentes participaron en una capacitación sobre evaluación formativa y uso de tecnología.|educación
204|Empresas exportadoras esperan mejorar sus ingresos por el aumento...|Empresas exportadoras esperan mejorar sus ingresos por el aumento de la demanda externa. El anuncio fue recibido con expectativa por la comunidad.|economía
205|El ministerio de salud entregó nuevas dosis de vacunas...|El ministerio de salud entregó nuevas dosis de vacunas a centros comunitarios.|salud
206|Una empresa lanzó una aplicación móvil para facilitar pagos...|Una empresa lanzó una aplicación móvil para facilitar pagos y reservas en línea.|tecnología
207|Vecinos alertaron sobre un robo a una vivienda y...|Vecinos alertaron sobre un robo a una vivienda y entregaron videos a los investigadores.|crónica roja
208|El comité deportivo presentó un plan para mejorar la...|El comité deportivo presentó un plan para mejorar la infraestructura de los escenarios locales. El anuncio fue recibido con expectativa por la comunidad.|deportes
209|Un centro de innovación presentó soluciones basadas en inteligencia...|Un centro de innovación presentó soluciones basadas en inteligencia artificial. Se esperan nuevos detalles en las próximas horas.|tecnología
210|El ministerio anunció becas para estudiantes con alto rendimiento...|El ministerio anunció becas para estudiantes con alto rendimiento académico.|educación
211|La selección anunció una nueva convocatoria con jóvenes talentos...|La selección anunció una nueva convocatoria con jóvenes talentos para el próximo amistoso internacional. El anuncio fue recibido con expectativa por la comunidad.|deportes
212|El personal médico recibió capacitación sobre atención rápida en...|El personal médico recibió capacitación sobre atención rápida en emergencias. El anuncio fue recibido con expectativa por la comunidad.|salud
213|El club confirmó la renovación de su entrenador tras...|El club confirmó la renovación de su entrenador tras una temporada con resultados positivos.|deportes
214|La policía investiga un asalto registrado la noche del...|La policía investiga un asalto registrado la noche del martes en el centro de la ciudad.|crónica roja
215|El ministerio anunció becas para estudiantes con alto rendimiento...|El ministerio anunció becas para estudiantes con alto rendimiento académico.|educación
216|Las autoridades pidieron a la ciudadanía denunciar actividades sospechosas...|Las autoridades pidieron a la ciudadanía denunciar actividades sospechosas en su sector.|crónica roja
217|El banco central publicó indicadores que muestran estabilidad en...|El banco central publicó indicadores que muestran estabilidad en el consumo interno.|economía
218|Estudiantes desarrollaron proyectos de investigación para resolver problemas de...|Estudiantes desarrollaron proyectos de investigación para resolver problemas de su comunidad.|educación
219|Analistas prevén un crecimiento moderado del sector comercial durante...|Analistas prevén un crecimiento moderado del sector comercial durante el próximo trimestre. Los resultados serán evaluados al finalizar la semana.|economía
220|Vecinos alertaron sobre un robo a una vivienda y...|Vecinos alertaron sobre un robo a una vivienda y entregaron videos a los investigadores.|crónica roja
221|El delantero anotó en los últimos minutos y aseguró...|El delantero anotó en los últimos minutos y aseguró tres puntos importantes para su equipo.|deportes
222|Un accidente de tránsito dejó dos personas heridas en...|Un accidente de tránsito dejó dos personas heridas en una avenida de alta circulación.|crónica roja
223|El presidente firmó un decreto para reorganizar competencias de...|El presidente firmó un decreto para reorganizar competencias de varias entidades estatales. El hecho generó comentarios entre los ciudadanos.|política
224|La nadadora ganó medalla de plata en la competencia...|La nadadora ganó medalla de plata en la competencia sudamericana juvenil.|deportes
225|La oposición criticó la falta de acuerdos en el...|La oposición criticó la falta de acuerdos en el tratamiento de una ley económica. Los resultados serán evaluados al finalizar la semana.|política
226|Empresas exportadoras esperan mejorar sus ingresos por el aumento...|Empresas exportadoras esperan mejorar sus ingresos por el aumento de la demanda externa.|economía
227|Médicos alertaron sobre el aumento de casos de deshidratación...|Médicos alertaron sobre el aumento de casos de deshidratación durante la temporada seca.|salud
228|Especialistas recomendaron mantener hábitos de higiene para reducir contagios...|Especialistas recomendaron mantener hábitos de higiene para reducir contagios en escuelas.|salud
229|El centro de salud amplió sus horarios para mejorar...|El centro de salud amplió sus horarios para mejorar la atención de pacientes crónicos. Los resultados serán evaluados al finalizar la semana.|salud
230|La selección anunció una nueva convocatoria con jóvenes talentos...|La selección anunció una nueva convocatoria con jóvenes talentos para el próximo amistoso internacional.|deportes
231|Expertos advirtieron sobre nuevas modalidades de fraude digital en...|Expertos advirtieron sobre nuevas modalidades de fraude digital en redes sociales.|tecnología
232|Las autoridades decomisaron varios objetos durante un operativo de...|Las autoridades decomisaron varios objetos durante un operativo de control en el barrio. La medida forma parte de un plan institucional.|crónica roja
233|El personal médico recibió capacitación sobre atención rápida en...|El personal médico recibió capacitación sobre atención rápida en emergencias.|salud
234|El tenista avanzó a semifinales luego de vencer a...|El tenista avanzó a semifinales luego de vencer a un rival mejor ubicado en el ranking. La medida forma parte de un plan institucional.|deportes
235|El centro de salud amplió sus horarios para mejorar...|El centro de salud amplió sus horarios para mejorar la atención de pacientes crónicos.|salud
236|La escuela inauguró un laboratorio de ciencias para fortalecer...|La escuela inauguró un laboratorio de ciencias para fortalecer el aprendizaje práctico.|educación
237|El árbitro fue cuestionado por una decisión polémica durante...|El árbitro fue cuestionado por una decisión polémica durante el clásico.|deportes
238|Vecinos alertaron sobre un robo a una vivienda y...|Vecinos alertaron sobre un robo a una vivienda y entregaron videos a los investigadores.|crónica roja
239|La policía investiga un asalto registrado la noche del...|La policía investiga un asalto registrado la noche del martes en el centro de la ciudad. Los resultados serán evaluados al finalizar la semana.|crónica roja
240|Estudiantes desarrollaron proyectos de investigación para resolver problemas de...|Estudiantes desarrollaron proyectos de investigación para resolver problemas de su comunidad. El anuncio fue recibido con expectativa por la comunidad.|educación
241|Estudiantes desarrollaron proyectos de investigación para resolver problemas de...|Estudiantes desarrollaron proyectos de investigación para resolver problemas de su comunidad.|educación
242|Un incendio en un local comercial fue controlado por...|Un incendio en un local comercial fue controlado por bomberos sin víctimas mortales.|crónica roja
243|El centro de salud amplió sus horarios para mejorar...|El centro de salud amplió sus horarios para mejorar la atención de pacientes crónicos. El hecho generó comentarios entre los ciudadanos.|salud
244|Un operativo nocturno permitió capturar a sospechosos vinculados con...|Un operativo nocturno permitió capturar a sospechosos vinculados con delitos menores.|crónica roja
245|Un centro de innovación presentó soluciones basadas en inteligencia...|Un centro de innovación presentó soluciones basadas en inteligencia artificial. Se esperan nuevos detalles en las próximas horas.|tecnología
246|El banco central publicó indicadores que muestran estabilidad en...|El banco central publicó indicadores que muestran estabilidad en el consumo interno. El anuncio fue recibido con expectativa por la comunidad.|economía
247|El ministerio de salud entregó nuevas dosis de vacunas...|El ministerio de salud entregó nuevas dosis de vacunas a centros comunitarios.|salud
248|Un incendio en un local comercial fue controlado por...|Un incendio en un local comercial fue controlado por bomberos sin víctimas mortales. El anuncio fue recibido con expectativa por la comunidad.|crónica roja
249|El banco central publicó indicadores que muestran estabilidad en...|El banco central publicó indicadores que muestran estabilidad en el consumo interno. La medida forma parte de un plan institucional.|economía
250|El club confirmó la renovación de su entrenador tras...|El club confirmó la renovación de su entrenador tras una temporada con resultados positivos. El anuncio fue recibido con expectativa por la comunidad.|deportes
251|El rector informó cambios en el calendario académico por...|El rector informó cambios en el calendario académico por actividades institucionales. La medida forma parte de un plan institucional.|educación
252|Vecinos alertaron sobre un robo a una vivienda y...|Vecinos alertaron sobre un robo a una vivienda y entregaron videos a los investigadores.|crónica roja
253|Las autoridades decomisaron varios objetos durante un operativo de...|Las autoridades decomisaron varios objetos durante un operativo de control en el barrio.|crónica roja
254|Un bloque político propuso cambios al reglamento interno de...|Un bloque político propuso cambios al reglamento interno de la institución. La información fue confirmada por fuentes oficiales.|política
255|La ministra defendió el plan gubernamental durante una comparecencia...|La ministra defendió el plan gubernamental durante una comparecencia ante una comisión.|política
256|La empresa migró sus servicios a la nube para...|La empresa migró sus servicios a la nube para mejorar disponibilidad y escalabilidad.|tecnología
257|El ministerio anunció becas para estudiantes con alto rendimiento...|El ministerio anunció becas para estudiantes con alto rendimiento académico.|educación
258|La policía recuperó una motocicleta reportada como robada durante...|La policía recuperó una motocicleta reportada como robada durante un control rutinario. Se esperan nuevos detalles en las próximas horas.|crónica roja
259|El presidente firmó un decreto para reorganizar competencias de...|El presidente firmó un decreto para reorganizar competencias de varias entidades estatales.|política
260|Un bloque político propuso cambios al reglamento interno de...|Un bloque político propuso cambios al reglamento interno de la institución. La medida forma parte de un plan institucional.|política
261|La escuela inauguró un laboratorio de ciencias para fortalecer...|La escuela inauguró un laboratorio de ciencias para fortalecer el aprendizaje práctico. La información fue confirmada por fuentes oficiales.|educación
262|Un operativo nocturno permitió capturar a sospechosos vinculados con...|Un operativo nocturno permitió capturar a sospechosos vinculados con delitos menores. El anuncio fue recibido con expectativa por la comunidad.|crónica roja
263|Un programa de tutorías busca reducir la deserción en...|Un programa de tutorías busca reducir la deserción en los primeros ciclos universitarios.|educación
264|Un operativo nocturno permitió capturar a sospechosos vinculados con...|Un operativo nocturno permitió capturar a sospechosos vinculados con delitos menores.|crónica roja
265|El presidente firmó un decreto para reorganizar competencias de...|El presidente firmó un decreto para reorganizar competencias de varias entidades estatales. El hecho generó comentarios entre los ciudadanos.|política
266|El presidente firmó un decreto para reorganizar competencias de...|El presidente firmó un decreto para reorganizar competencias de varias entidades estatales.|política
267|El rector informó cambios en el calendario académico por...|El rector informó cambios en el calendario académico por actividades institucionales.|educación
268|La ciudad instaló sensores inteligentes para monitorear el tráfico...|La ciudad instaló sensores inteligentes para monitorear el tráfico en tiempo real. Se esperan nuevos detalles en las próximas horas.|tecnología
269|Docentes participaron en una capacitación sobre evaluación formativa y...|Docentes participaron en una capacitación sobre evaluación formativa y uso de tecnología.|educación
270|La empresa migró sus servicios a la nube para...|La empresa migró sus servicios a la nube para mejorar disponibilidad y escalabilidad.|tecnología
271|El personal médico recibió capacitación sobre atención rápida en...|El personal médico recibió capacitación sobre atención rápida en emergencias. El anuncio fue recibido con expectativa por la comunidad.|salud
272|El personal médico recibió capacitación sobre atención rápida en...|El personal médico recibió capacitación sobre atención rápida en emergencias.|salud
273|Un operativo nocturno permitió capturar a sospechosos vinculados con...|Un operativo nocturno permitió capturar a sospechosos vinculados con delitos menores. La medida forma parte de un plan institucional.|crónica roja
274|La inflación mensual se mantuvo controlada según el último...|La inflación mensual se mantuvo controlada según el último informe económico. La medida forma parte de un plan institucional.|economía
275|La feria tecnológica reunió emprendimientos de software, hardware y...|La feria tecnológica reunió emprendimientos de software, hardware y datos.|tecnología
276|El tenista avanzó a semifinales luego de vencer a...|El tenista avanzó a semifinales luego de vencer a un rival mejor ubicado en el ranking. El hecho generó comentarios entre los ciudadanos.|deportes
277|Vecinos alertaron sobre un robo a una vivienda y...|Vecinos alertaron sobre un robo a una vivienda y entregaron videos a los investigadores. Los resultados serán evaluados al finalizar la semana.|crónica roja
278|La selección anunció una nueva convocatoria con jóvenes talentos...|La selección anunció una nueva convocatoria con jóvenes talentos para el próximo amistoso internacional.|deportes
279|El ministerio anunció becas para estudiantes con alto rendimiento...|El ministerio anunció becas para estudiantes con alto rendimiento académico.|educación
280|El equipo local ganó 2-0 en un partido intenso...|El equipo local ganó 2-0 en un partido intenso y se mantiene en la pelea por el campeonato.|deportes
281|Una atleta nacional rompió su marca personal y clasificó...|Una atleta nacional rompió su marca personal y clasificó a la final del torneo regional. El hecho generó comentarios entre los ciudadanos.|deportes
282|El delantero anotó en los últimos minutos y aseguró...|El delantero anotó en los últimos minutos y aseguró tres puntos importantes para su equipo. Los resultados serán evaluados al finalizar la semana.|deportes
283|El ministerio de salud entregó nuevas dosis de vacunas...|El ministerio de salud entregó nuevas dosis de vacunas a centros comunitarios.|salud
284|Un ciudadano fue detenido tras una persecución iniciada por...|Un ciudadano fue detenido tras una persecución iniciada por agentes de seguridad.|crónica roja
285|El comité deportivo presentó un plan para mejorar la...|El comité deportivo presentó un plan para mejorar la infraestructura de los escenarios locales.|deportes
286|Varios legisladores solicitaron información sobre el uso de recursos...|Varios legisladores solicitaron información sobre el uso de recursos en programas sociales.|política
287|Nutricionistas promovieron una alimentación equilibrada en una jornada educativa...|Nutricionistas promovieron una alimentación equilibrada en una jornada educativa. Se esperan nuevos detalles en las próximas horas.|salud
288|Expertos advirtieron sobre nuevas modalidades de fraude digital en...|Expertos advirtieron sobre nuevas modalidades de fraude digital en redes sociales.|tecnología
289|La fiscalía abrió una investigación por un caso de...|La fiscalía abrió una investigación por un caso de estafa denunciado por varias familias.|crónica roja
290|Vecinos alertaron sobre un robo a una vivienda y...|Vecinos alertaron sobre un robo a una vivienda y entregaron videos a los investigadores.|crónica roja
291|Un ciudadano fue detenido tras una persecución iniciada por...|Un ciudadano fue detenido tras una persecución iniciada por agentes de seguridad.|crónica roja
292|La ministra defendió el plan gubernamental durante una comparecencia...|La ministra defendió el plan gubernamental durante una comparecencia ante una comisión. La medida forma parte de un plan institucional.|política
293|El banco central publicó indicadores que muestran estabilidad en...|El banco central publicó indicadores que muestran estabilidad en el consumo interno. La medida forma parte de un plan institucional.|economía
294|Una universidad presentó nuevos cursos orientados a competencias digitales...|Una universidad presentó nuevos cursos orientados a competencias digitales. La medida forma parte de un plan institucional.|educación
295|Un operativo nocturno permitió capturar a sospechosos vinculados con...|Un operativo nocturno permitió capturar a sospechosos vinculados con delitos menores.|crónica roja
296|El presidente firmó un decreto para reorganizar competencias de...|El presidente firmó un decreto para reorganizar competencias de varias entidades estatales.|política
297|Un informe financiero destacó el crecimiento de pagos digitales...|Un informe financiero destacó el crecimiento de pagos digitales en pequeñas empresas.|economía
298|El mercado laboral mostró señales de recuperación en actividades...|El mercado laboral mostró señales de recuperación en actividades de servicios.|economía
299|Un informe destacó el crecimiento del comercio electrónico en...|Un informe destacó el crecimiento del comercio electrónico en negocios pequeños.|tecnología
300|El banco central publicó indicadores que muestran estabilidad en...|El banco central publicó indicadores que muestran estabilidad en el consumo interno.|economía
301|Investigadores desarrollaron un prototipo de robot educativo para clases...|Investigadores desarrollaron un prototipo de robot educativo para clases de programación.|tecnología
302|El hospital inició una campaña preventiva para detectar enfermedades...|El hospital inició una campaña preventiva para detectar enfermedades respiratorias en adultos mayores. La información fue confirmada por fuentes oficiales.|salud
303|El centro de salud amplió sus horarios para mejorar...|El centro de salud amplió sus horarios para mejorar la atención de pacientes crónicos. La medida forma parte de un plan institucional.|salud
304|Las autoridades pidieron a la ciudadanía denunciar actividades sospechosas...|Las autoridades pidieron a la ciudadanía denunciar actividades sospechosas en su sector.|crónica roja
305|El árbitro fue cuestionado por una decisión polémica durante...|El árbitro fue cuestionado por una decisión polémica durante el clásico.|deportes
306|Una universidad presentó nuevos cursos orientados a competencias digitales...|Una universidad presentó nuevos cursos orientados a competencias digitales. La información fue confirmada por fuentes oficiales.|educación
307|El gobierno anunció una reunión con alcaldes para coordinar...|El gobierno anunció una reunión con alcaldes para coordinar proyectos de infraestructura. La medida forma parte de un plan institucional.|política
308|La biblioteca escolar recibió nuevos libros para promover el...|La biblioteca escolar recibió nuevos libros para promover el hábito lector. La información fue confirmada por fuentes oficiales.|educación
309|Vecinos alertaron sobre un robo a una vivienda y...|Vecinos alertaron sobre un robo a una vivienda y entregaron videos a los investigadores. Se esperan nuevos detalles en las próximas horas.|crónica roja
310|La institución educativa organizó una feria de lectura con...|La institución educativa organizó una feria de lectura con actividades para niños.|educación
311|El gobierno anunció una reunión con alcaldes para coordinar...|El gobierno anunció una reunión con alcaldes para coordinar proyectos de infraestructura.|política
312|Una universidad presentó nuevos cursos orientados a competencias digitales...|Una universidad presentó nuevos cursos orientados a competencias digitales.|educación
313|Un informe financiero destacó el crecimiento de pagos digitales...|Un informe financiero destacó el crecimiento de pagos digitales en pequeñas empresas.|economía
314|El rector informó cambios en el calendario académico por...|El rector informó cambios en el calendario académico por actividades institucionales. La información fue confirmada por fuentes oficiales.|educación
315|La oposición criticó la falta de acuerdos en el...|La oposición criticó la falta de acuerdos en el tratamiento de una ley económica. La medida forma parte de un plan institucional.|política
316|Un bloque político propuso cambios al reglamento interno de...|Un bloque político propuso cambios al reglamento interno de la institución.|política
317|El mercado laboral mostró señales de recuperación en actividades...|El mercado laboral mostró señales de recuperación en actividades de servicios.|economía
318|Organizaciones ciudadanas pidieron mayor participación en la elaboración de...|Organizaciones ciudadanas pidieron mayor participación en la elaboración de políticas públicas. La información fue confirmada por fuentes oficiales.|política
319|La escuela inauguró un laboratorio de ciencias para fortalecer...|La escuela inauguró un laboratorio de ciencias para fortalecer el aprendizaje práctico. La información fue confirmada por fuentes oficiales.|educación
320|Organizaciones ciudadanas pidieron mayor participación en la elaboración de...|Organizaciones ciudadanas pidieron mayor participación en la elaboración de políticas públicas. La información fue confirmada por fuentes oficiales.|política
321|El árbitro fue cuestionado por una decisión polémica durante...|El árbitro fue cuestionado por una decisión polémica durante el clásico.|deportes
322|Un accidente de tránsito dejó dos personas heridas en...|Un accidente de tránsito dejó dos personas heridas en una avenida de alta circulación.|crónica roja
323|Un alcalde presentó su informe anual de gestión ante...|Un alcalde presentó su informe anual de gestión ante el concejo municipal. La información fue confirmada por fuentes oficiales.|política
324|El gobierno anunció una reunión con alcaldes para coordinar...|El gobierno anunció una reunión con alcaldes para coordinar proyectos de infraestructura. La información fue confirmada por fuentes oficiales.|política
325|El delantero anotó en los últimos minutos y aseguró...|El delantero anotó en los últimos minutos y aseguró tres puntos importantes para su equipo.|deportes
326|La biblioteca escolar recibió nuevos libros para promover el...|La biblioteca escolar recibió nuevos libros para promover el hábito lector.|educación
327|La selección anunció una nueva convocatoria con jóvenes talentos...|La selección anunció una nueva convocatoria con jóvenes talentos para el próximo amistoso internacional.|deportes
328|La nadadora ganó medalla de plata en la competencia...|La nadadora ganó medalla de plata en la competencia sudamericana juvenil.|deportes
329|El banco central publicó indicadores que muestran estabilidad en...|El banco central publicó indicadores que muestran estabilidad en el consumo interno. El hecho generó comentarios entre los ciudadanos.|economía
330|La nadadora ganó medalla de plata en la competencia...|La nadadora ganó medalla de plata en la competencia sudamericana juvenil.|deportes
331|La oposición criticó la falta de acuerdos en el...|La oposición criticó la falta de acuerdos en el tratamiento de una ley económica.|política
332|El ministerio anunció líneas de crédito para apoyar a...|El ministerio anunció líneas de crédito para apoyar a productores agrícolas.|economía
333|La nadadora ganó medalla de plata en la competencia...|La nadadora ganó medalla de plata en la competencia sudamericana juvenil.|deportes
334|La nadadora ganó medalla de plata en la competencia...|La nadadora ganó medalla de plata en la competencia sudamericana juvenil.|deportes
335|Especialistas recomendaron mantener hábitos de higiene para reducir contagios...|Especialistas recomendaron mantener hábitos de higiene para reducir contagios en escuelas.|salud
336|Docentes participaron en una capacitación sobre evaluación formativa y...|Docentes participaron en una capacitación sobre evaluación formativa y uso de tecnología. Se esperan nuevos detalles en las próximas horas.|educación
337|La selección anunció una nueva convocatoria con jóvenes talentos...|La selección anunció una nueva convocatoria con jóvenes talentos para el próximo amistoso internacional.|deportes
338|Las autoridades pidieron a la ciudadanía denunciar actividades sospechosas...|Las autoridades pidieron a la ciudadanía denunciar actividades sospechosas en su sector. Se esperan nuevos detalles en las próximas horas.|crónica roja
339|Un bloque político propuso cambios al reglamento interno de...|Un bloque político propuso cambios al reglamento interno de la institución. La información fue confirmada por fuentes oficiales.|política
340|El equipo local ganó 2-2 en un partido intenso...|El equipo local ganó 2-2 en un partido intenso y se mantiene en la pelea por el campeonato.|deportes
341|La escuela inauguró un laboratorio de ciencias para fortalecer...|La escuela inauguró un laboratorio de ciencias para fortalecer el aprendizaje práctico.|educación
342|Un informe financiero destacó el crecimiento de pagos digitales...|Un informe financiero destacó el crecimiento de pagos digitales en pequeñas empresas.|economía
343|El mercado laboral mostró señales de recuperación en actividades...|El mercado laboral mostró señales de recuperación en actividades de servicios. El hecho generó comentarios entre los ciudadanos.|economía
344|El equipo local ganó 3-4 en un partido intenso...|El equipo local ganó 3-4 en un partido intenso y se mantiene en la pelea por el campeonato.|deportes
345|Un programa de tutorías busca reducir la deserción en...|Un programa de tutorías busca reducir la deserción en los primeros ciclos universitarios. El hecho generó comentarios entre los ciudadanos.|educación
346|El ministerio anunció líneas de crédito para apoyar a...|El ministerio anunció líneas de crédito para apoyar a productores agrícolas. El hecho generó comentarios entre los ciudadanos.|economía
347|Un programa de tutorías busca reducir la deserción en...|Un programa de tutorías busca reducir la deserción en los primeros ciclos universitarios. La medida forma parte de un plan institucional.|educación
348|El ministerio anunció líneas de crédito para apoyar a...|El ministerio anunció líneas de crédito para apoyar a productores agrícolas. La información fue confirmada por fuentes oficiales.|economía
349|El delantero anotó en los últimos minutos y aseguró...|El delantero anotó en los últimos minutos y aseguró tres puntos importantes para su equipo.|deportes
350|Un programa de tutorías busca reducir la deserción en...|Un programa de tutorías busca reducir la deserción en los primeros ciclos universitarios.|educación
351|La liga publicó el calendario de la siguiente fecha...|La liga publicó el calendario de la siguiente fecha con varios encuentros decisivos. La medida forma parte de un plan institucional.|deportes
352|Estudiantes desarrollaron proyectos de investigación para resolver problemas de...|Estudiantes desarrollaron proyectos de investigación para resolver problemas de su comunidad.|educación
353|Pequeños emprendedores reportaron mayores ventas durante la feria local...|Pequeños emprendedores reportaron mayores ventas durante la feria local de negocios.|economía
354|El árbitro fue cuestionado por una decisión polémica durante...|El árbitro fue cuestionado por una decisión polémica durante el clásico.|deportes
355|Analistas prevén un crecimiento moderado del sector comercial durante...|Analistas prevén un crecimiento moderado del sector comercial durante el próximo trimestre.|economía
356|La biblioteca escolar recibió nuevos libros para promover el...|La biblioteca escolar recibió nuevos libros para promover el hábito lector.|educación
357|Las autoridades decomisaron varios objetos durante un operativo de...|Las autoridades decomisaron varios objetos durante un operativo de control en el barrio. Los resultados serán evaluados al finalizar la semana.|crónica roja
358|Un programa de tutorías busca reducir la deserción en...|Un programa de tutorías busca reducir la deserción en los primeros ciclos universitarios. Se esperan nuevos detalles en las próximas horas.|educación
359|El equipo local ganó 1-4 en un partido intenso...|El equipo local ganó 1-4 en un partido intenso y se mantiene en la pelea por el campeonato.|deportes
360|El banco central publicó indicadores que muestran estabilidad en...|El banco central publicó indicadores que muestran estabilidad en el consumo interno.|economía
361|El banco central publicó indicadores que muestran estabilidad en...|El banco central publicó indicadores que muestran estabilidad en el consumo interno.|economía
362|Estudiantes crearon una página web para difundir información turística...|Estudiantes crearon una página web para difundir información turística local. La información fue confirmada por fuentes oficiales.|tecnología
363|Vecinos alertaron sobre un robo a una vivienda y...|Vecinos alertaron sobre un robo a una vivienda y entregaron videos a los investigadores. Los resultados serán evaluados al finalizar la semana.|crónica roja
364|La fiscalía abrió una investigación por un caso de...|La fiscalía abrió una investigación por un caso de estafa denunciado por varias familias.|crónica roja
365|Pequeños emprendedores reportaron mayores ventas durante la feria local...|Pequeños emprendedores reportaron mayores ventas durante la feria local de negocios.|economía
366|El ministerio anunció becas para estudiantes con alto rendimiento...|El ministerio anunció becas para estudiantes con alto rendimiento académico. El hecho generó comentarios entre los ciudadanos.|educación
367|La fiscalía abrió una investigación por un caso de...|La fiscalía abrió una investigación por un caso de estafa denunciado por varias familias.|crónica roja
368|La feria tecnológica reunió emprendimientos de software, hardware y...|La feria tecnológica reunió emprendimientos de software, hardware y datos. Los resultados serán evaluados al finalizar la semana.|tecnología
369|El banco central publicó indicadores que muestran estabilidad en...|El banco central publicó indicadores que muestran estabilidad en el consumo interno. La información fue confirmada por fuentes oficiales.|economía
370|El rector informó cambios en el calendario académico por...|El rector informó cambios en el calendario académico por actividades institucionales.|educación
371|Un informe destacó el crecimiento del comercio electrónico en...|Un informe destacó el crecimiento del comercio electrónico en negocios pequeños.|tecnología
372|El personal médico recibió capacitación sobre atención rápida en...|El personal médico recibió capacitación sobre atención rápida en emergencias. Los resultados serán evaluados al finalizar la semana.|salud
373|El club confirmó la renovación de su entrenador tras...|El club confirmó la renovación de su entrenador tras una temporada con resultados positivos.|deportes
374|Un bloque político propuso cambios al reglamento interno de...|Un bloque político propuso cambios al reglamento interno de la institución. Los resultados serán evaluados al finalizar la semana.|política
375|Estudiantes desarrollaron proyectos de investigación para resolver problemas de...|Estudiantes desarrollaron proyectos de investigación para resolver problemas de su comunidad. La información fue confirmada por fuentes oficiales.|educación
376|La inflación mensual se mantuvo controlada según el último...|La inflación mensual se mantuvo controlada según el último informe económico. La información fue confirmada por fuentes oficiales.|economía
377|Investigadores desarrollaron un prototipo de robot educativo para clases...|Investigadores desarrollaron un prototipo de robot educativo para clases de programación.|tecnología
378|La inflación mensual se mantuvo controlada según el último...|La inflación mensual se mantuvo controlada según el último informe económico.|economía
379|El club confirmó la renovación de su entrenador tras...|El club confirmó la renovación de su entrenador tras una temporada con resultados positivos. Los resultados serán evaluados al finalizar la semana.|deportes
380|Una brigada médica atendió a familias de sectores rurales...|Una brigada médica atendió a familias de sectores rurales durante el fin de semana. Se esperan nuevos detalles en las próximas horas.|salud
381|El personal médico recibió capacitación sobre atención rápida en...|El personal médico recibió capacitación sobre atención rápida en emergencias. La información fue confirmada por fuentes oficiales.|salud
382|Un accidente de tránsito dejó dos personas heridas en...|Un accidente de tránsito dejó dos personas heridas en una avenida de alta circulación. El anuncio fue recibido con expectativa por la comunidad.|crónica roja
383|Vecinos alertaron sobre un robo a una vivienda y...|Vecinos alertaron sobre un robo a una vivienda y entregaron videos a los investigadores.|crónica roja
384|El personal médico recibió capacitación sobre atención rápida en...|El personal médico recibió capacitación sobre atención rápida en emergencias. Los resultados serán evaluados al finalizar la semana.|salud
385|Pequeños emprendedores reportaron mayores ventas durante la feria local...|Pequeños emprendedores reportaron mayores ventas durante la feria local de negocios.|economía
386|Empresas exportadoras esperan mejorar sus ingresos por el aumento...|Empresas exportadoras esperan mejorar sus ingresos por el aumento de la demanda externa.|economía
387|El mercado laboral mostró señales de recuperación en actividades...|El mercado laboral mostró señales de recuperación en actividades de servicios.|economía
388|Docentes participaron en una capacitación sobre evaluación formativa y...|Docentes participaron en una capacitación sobre evaluación formativa y uso de tecnología.|educación
389|El presidente firmó un decreto para reorganizar competencias de...|El presidente firmó un decreto para reorganizar competencias de varias entidades estatales.|política
390|El gobierno anunció una reunión con alcaldes para coordinar...|El gobierno anunció una reunión con alcaldes para coordinar proyectos de infraestructura.|política
391|El centro de salud amplió sus horarios para mejorar...|El centro de salud amplió sus horarios para mejorar la atención de pacientes crónicos. La información fue confirmada por fuentes oficiales.|salud
392|La biblioteca escolar recibió nuevos libros para promover el...|La biblioteca escolar recibió nuevos libros para promover el hábito lector. La medida forma parte de un plan institucional.|educación
393|La actualización del sistema mejoró la seguridad y el...|La actualización del sistema mejoró la seguridad y el rendimiento de la plataforma.|tecnología
394|Un ciudadano fue detenido tras una persecución iniciada por...|Un ciudadano fue detenido tras una persecución iniciada por agentes de seguridad. El hecho generó comentarios entre los ciudadanos.|crónica roja
395|Investigadores desarrollaron un prototipo de robot educativo para clases...|Investigadores desarrollaron un prototipo de robot educativo para clases de programación.|tecnología
396|La ciudad instaló sensores inteligentes para monitorear el tráfico...|La ciudad instaló sensores inteligentes para monitorear el tráfico en tiempo real.|tecnología
397|Las autoridades decomisaron varios objetos durante un operativo de...|Las autoridades decomisaron varios objetos durante un operativo de control en el barrio. La medida forma parte de un plan institucional.|crónica roja
398|Las autoridades pidieron a la ciudadanía denunciar actividades sospechosas...|Las autoridades pidieron a la ciudadanía denunciar actividades sospechosas en su sector. El anuncio fue recibido con expectativa por la comunidad.|crónica roja
399|Especialistas recomendaron mantener hábitos de higiene para reducir contagios...|Especialistas recomendaron mantener hábitos de higiene para reducir contagios en escuelas. El anuncio fue recibido con expectativa por la comunidad.|salud
400|Un bloque político propuso cambios al reglamento interno de...|Un bloque político propuso cambios al reglamento interno de la institución.|política
401|La feria tecnológica reunió emprendimientos de software, hardware y...|La feria tecnológica reunió emprendimientos de software, hardware y datos. La información fue confirmada por fuentes oficiales.|tecnología
402|La ciudad instaló sensores inteligentes para monitorear el tráfico...|La ciudad instaló sensores inteligentes para monitorear el tráfico en tiempo real. La información fue confirmada por fuentes oficiales.|tecnología
403|La biblioteca escolar recibió nuevos libros para promover el...|La biblioteca escolar recibió nuevos libros para promover el hábito lector. Se esperan nuevos detalles en las próximas horas.|educación
404|Especialistas recomendaron mantener hábitos de higiene para reducir contagios...|Especialistas recomendaron mantener hábitos de higiene para reducir contagios en escuelas. Se esperan nuevos detalles en las próximas horas.|salud
405|La ministra defendió el plan gubernamental durante una comparecencia...|La ministra defendió el plan gubernamental durante una comparecencia ante una comisión. Se esperan nuevos detalles en las próximas horas.|política
406|Docentes participaron en una capacitación sobre evaluación formativa y...|Docentes participaron en una capacitación sobre evaluación formativa y uso de tecnología. La información fue confirmada por fuentes oficiales.|educación
407|Un programa de tutorías busca reducir la deserción en...|Un programa de tutorías busca reducir la deserción en los primeros ciclos universitarios.|educación
408|El precio de varios productos básicos registró una ligera...|El precio de varios productos básicos registró una ligera variación durante la última semana. Se esperan nuevos detalles en las próximas horas.|economía
409|El ministerio de salud entregó nuevas dosis de vacunas...|El ministerio de salud entregó nuevas dosis de vacunas a centros comunitarios.|salud
410|Un informe destacó el crecimiento del comercio electrónico en...|Un informe destacó el crecimiento del comercio electrónico en negocios pequeños. La medida forma parte de un plan institucional.|tecnología
411|Las autoridades decomisaron varios objetos durante un operativo de...|Las autoridades decomisaron varios objetos durante un operativo de control en el barrio.|crónica roja
412|El gobierno anunció una reunión con alcaldes para coordinar...|El gobierno anunció una reunión con alcaldes para coordinar proyectos de infraestructura. La medida forma parte de un plan institucional.|política
413|El mercado laboral mostró señales de recuperación en actividades...|El mercado laboral mostró señales de recuperación en actividades de servicios.|economía
414|La nadadora ganó medalla de plata en la competencia...|La nadadora ganó medalla de plata en la competencia sudamericana juvenil.|deportes
415|Un nuevo programa busca fortalecer la salud mental en...|Un nuevo programa busca fortalecer la salud mental en adolescentes.|salud
416|La nadadora ganó medalla de plata en la competencia...|La nadadora ganó medalla de plata en la competencia sudamericana juvenil. El hecho generó comentarios entre los ciudadanos.|deportes
417|La actualización del sistema mejoró la seguridad y el...|La actualización del sistema mejoró la seguridad y el rendimiento de la plataforma.|tecnología
418|El ministerio de salud entregó nuevas dosis de vacunas...|El ministerio de salud entregó nuevas dosis de vacunas a centros comunitarios.|salud
419|La oposición criticó la falta de acuerdos en el...|La oposición criticó la falta de acuerdos en el tratamiento de una ley económica.|política
420|El personal médico recibió capacitación sobre atención rápida en...|El personal médico recibió capacitación sobre atención rápida en emergencias.|salud
421|Una empresa lanzó una aplicación móvil para facilitar pagos...|Una empresa lanzó una aplicación móvil para facilitar pagos y reservas en línea. El hecho generó comentarios entre los ciudadanos.|tecnología
422|El equipo local ganó 2-3 en un partido intenso...|El equipo local ganó 2-3 en un partido intenso y se mantiene en la pelea por el campeonato. El hecho generó comentarios entre los ciudadanos.|deportes
423|Nutricionistas promovieron una alimentación equilibrada en una jornada educativa...|Nutricionistas promovieron una alimentación equilibrada en una jornada educativa. Se esperan nuevos detalles en las próximas horas.|salud
424|Estudiantes desarrollaron proyectos de investigación para resolver problemas de...|Estudiantes desarrollaron proyectos de investigación para resolver problemas de su comunidad.|educación
425|Un nuevo programa busca fortalecer la salud mental en...|Un nuevo programa busca fortalecer la salud mental en adolescentes. El anuncio fue recibido con expectativa por la comunidad.|salud
426|El presidente firmó un decreto para reorganizar competencias de...|El presidente firmó un decreto para reorganizar competencias de varias entidades estatales. Los resultados serán evaluados al finalizar la semana.|política
427|Un bloque político propuso cambios al reglamento interno de...|Un bloque político propuso cambios al reglamento interno de la institución. El anuncio fue recibido con expectativa por la comunidad.|política
428|Las autoridades pidieron a la ciudadanía denunciar actividades sospechosas...|Las autoridades pidieron a la ciudadanía denunciar actividades sospechosas en su sector. La medida forma parte de un plan institucional.|crónica roja
429|La biblioteca escolar recibió nuevos libros para promover el...|La biblioteca escolar recibió nuevos libros para promover el hábito lector.|educación
430|Analistas prevén un crecimiento moderado del sector comercial durante...|Analistas prevén un crecimiento moderado del sector comercial durante el próximo trimestre. Se esperan nuevos detalles en las próximas horas.|economía
431|Las autoridades pidieron a la ciudadanía denunciar actividades sospechosas...|Las autoridades pidieron a la ciudadanía denunciar actividades sospechosas en su sector.|crónica roja
432|El consejo electoral presentó el cronograma preliminar para el...|El consejo electoral presentó el cronograma preliminar para el siguiente proceso democrático.|política
433|Un ciudadano fue detenido tras una persecución iniciada por...|Un ciudadano fue detenido tras una persecución iniciada por agentes de seguridad. Se esperan nuevos detalles en las próximas horas.|crónica roja
434|El árbitro fue cuestionado por una decisión polémica durante...|El árbitro fue cuestionado por una decisión polémica durante el clásico. El anuncio fue recibido con expectativa por la comunidad.|deportes
435|Las autoridades decomisaron varios objetos durante un operativo de...|Las autoridades decomisaron varios objetos durante un operativo de control en el barrio. Se esperan nuevos detalles en las próximas horas.|crónica roja
436|Organizaciones ciudadanas pidieron mayor participación en la elaboración de...|Organizaciones ciudadanas pidieron mayor participación en la elaboración de políticas públicas.|política
437|El ministerio anunció líneas de crédito para apoyar a...|El ministerio anunció líneas de crédito para apoyar a productores agrícolas. Los resultados serán evaluados al finalizar la semana.|economía
438|La selección anunció una nueva convocatoria con jóvenes talentos...|La selección anunció una nueva convocatoria con jóvenes talentos para el próximo amistoso internacional. La medida forma parte de un plan institucional.|deportes
439|Un accidente de tránsito dejó dos personas heridas en...|Un accidente de tránsito dejó dos personas heridas en una avenida de alta circulación.|crónica roja
440|La liga publicó el calendario de la siguiente fecha...|La liga publicó el calendario de la siguiente fecha con varios encuentros decisivos.|deportes
441|El personal médico recibió capacitación sobre atención rápida en...|El personal médico recibió capacitación sobre atención rápida en emergencias.|salud
442|La Asamblea debatió una reforma legal relacionada con la...|La Asamblea debatió una reforma legal relacionada con la transparencia en la gestión pública. La medida forma parte de un plan institucional.|política
443|La liga publicó el calendario de la siguiente fecha...|La liga publicó el calendario de la siguiente fecha con varios encuentros decisivos. El anuncio fue recibido con expectativa por la comunidad.|deportes
444|Organizaciones ciudadanas pidieron mayor participación en la elaboración de...|Organizaciones ciudadanas pidieron mayor participación en la elaboración de políticas públicas. La medida forma parte de un plan institucional.|política
445|El ministerio anunció líneas de crédito para apoyar a...|El ministerio anunció líneas de crédito para apoyar a productores agrícolas. Los resultados serán evaluados al finalizar la semana.|economía
446|La inflación mensual se mantuvo controlada según el último...|La inflación mensual se mantuvo controlada según el último informe económico.|economía
447|El ministerio anunció becas para estudiantes con alto rendimiento...|El ministerio anunció becas para estudiantes con alto rendimiento académico. Los resultados serán evaluados al finalizar la semana.|educación
448|Un bloque político propuso cambios al reglamento interno de...|Un bloque político propuso cambios al reglamento interno de la institución. El anuncio fue recibido con expectativa por la comunidad.|política
449|Médicos alertaron sobre el aumento de casos de deshidratación...|Médicos alertaron sobre el aumento de casos de deshidratación durante la temporada seca. La información fue confirmada por fuentes oficiales.|salud
450|La empresa migró sus servicios a la nube para...|La empresa migró sus servicios a la nube para mejorar disponibilidad y escalabilidad. La información fue confirmada por fuentes oficiales.|tecnología
451|Una brigada médica atendió a familias de sectores rurales...|Una brigada médica atendió a familias de sectores rurales durante el fin de semana.|salud
452|Un accidente de tránsito dejó dos personas heridas en...|Un accidente de tránsito dejó dos personas heridas en una avenida de alta circulación.|crónica roja
453|Investigadores desarrollaron un prototipo de robot educativo para clases...|Investigadores desarrollaron un prototipo de robot educativo para clases de programación. El anuncio fue recibido con expectativa por la comunidad.|tecnología
454|Docentes participaron en una capacitación sobre evaluación formativa y...|Docentes participaron en una capacitación sobre evaluación formativa y uso de tecnología.|educación
455|El hospital inició una campaña preventiva para detectar enfermedades...|El hospital inició una campaña preventiva para detectar enfermedades respiratorias en adultos mayores.|salud
456|Expertos advirtieron sobre nuevas modalidades de fraude digital en...|Expertos advirtieron sobre nuevas modalidades de fraude digital en redes sociales. El anuncio fue recibido con expectativa por la comunidad.|tecnología
457|La ministra defendió el plan gubernamental durante una comparecencia...|La ministra defendió el plan gubernamental durante una comparecencia ante una comisión.|política
458|Estudiantes desarrollaron proyectos de investigación para resolver problemas de...|Estudiantes desarrollaron proyectos de investigación para resolver problemas de su comunidad. El anuncio fue recibido con expectativa por la comunidad.|educación
459|El gobierno anunció una reunión con alcaldes para coordinar...|El gobierno anunció una reunión con alcaldes para coordinar proyectos de infraestructura. El hecho generó comentarios entre los ciudadanos.|política
460|El ministerio anunció becas para estudiantes con alto rendimiento...|El ministerio anunció becas para estudiantes con alto rendimiento académico.|educación
461|La liga publicó el calendario de la siguiente fecha...|La liga publicó el calendario de la siguiente fecha con varios encuentros decisivos. La información fue confirmada por fuentes oficiales.|deportes
462|Expertos advirtieron sobre nuevas modalidades de fraude digital en...|Expertos advirtieron sobre nuevas modalidades de fraude digital en redes sociales.|tecnología
463|El rector informó cambios en el calendario académico por...|El rector informó cambios en el calendario académico por actividades institucionales.|educación
464|Un ciudadano fue detenido tras una persecución iniciada por...|Un ciudadano fue detenido tras una persecución iniciada por agentes de seguridad.|crónica roja
465|El ministerio de salud entregó nuevas dosis de vacunas...|El ministerio de salud entregó nuevas dosis de vacunas a centros comunitarios. El hecho generó comentarios entre los ciudadanos.|salud
466|Comerciantes solicitaron medidas para reducir costos logísticos y fortalecer...|Comerciantes solicitaron medidas para reducir costos logísticos y fortalecer la competitividad.|economía
467|La escuela inauguró un laboratorio de ciencias para fortalecer...|La escuela inauguró un laboratorio de ciencias para fortalecer el aprendizaje práctico. Se esperan nuevos detalles en las próximas horas.|educación
468|Un ciudadano fue detenido tras una persecución iniciada por...|Un ciudadano fue detenido tras una persecución iniciada por agentes de seguridad.|crónica roja
469|El consejo electoral presentó el cronograma preliminar para el...|El consejo electoral presentó el cronograma preliminar para el siguiente proceso democrático.|política
470|La nadadora ganó medalla de plata en la competencia...|La nadadora ganó medalla de plata en la competencia sudamericana juvenil. El hecho generó comentarios entre los ciudadanos.|deportes
471|Padres de familia participaron en una reunión sobre convivencia...|Padres de familia participaron en una reunión sobre convivencia escolar. El hecho generó comentarios entre los ciudadanos.|educación
472|Vecinos alertaron sobre un robo a una vivienda y...|Vecinos alertaron sobre un robo a una vivienda y entregaron videos a los investigadores.|crónica roja
473|Un ciudadano fue detenido tras una persecución iniciada por...|Un ciudadano fue detenido tras una persecución iniciada por agentes de seguridad.|crónica roja
474|El mercado laboral mostró señales de recuperación en actividades...|El mercado laboral mostró señales de recuperación en actividades de servicios. La medida forma parte de un plan institucional.|economía
475|El ministerio anunció líneas de crédito para apoyar a...|El ministerio anunció líneas de crédito para apoyar a productores agrícolas.|economía
476|Un centro de innovación presentó soluciones basadas en inteligencia...|Un centro de innovación presentó soluciones basadas en inteligencia artificial.|tecnología
477|La selección anunció una nueva convocatoria con jóvenes talentos...|La selección anunció una nueva convocatoria con jóvenes talentos para el próximo amistoso internacional.|deportes
478|Una empresa lanzó una aplicación móvil para facilitar pagos...|Una empresa lanzó una aplicación móvil para facilitar pagos y reservas en línea.|tecnología
479|La inflación mensual se mantuvo controlada según el último...|La inflación mensual se mantuvo controlada según el último informe económico.|economía
480|Pequeños emprendedores reportaron mayores ventas durante la feria local...|Pequeños emprendedores reportaron mayores ventas durante la feria local de negocios.|economía
481|Analistas prevén un crecimiento moderado del sector comercial durante...|Analistas prevén un crecimiento moderado del sector comercial durante el próximo trimestre. El hecho generó comentarios entre los ciudadanos.|economía
482|Nutricionistas promovieron una alimentación equilibrada en una jornada educativa...|Nutricionistas promovieron una alimentación equilibrada en una jornada educativa. El hecho generó comentarios entre los ciudadanos.|salud
483|El ministerio anunció líneas de crédito para apoyar a...|El ministerio anunció líneas de crédito para apoyar a productores agrícolas. La información fue confirmada por fuentes oficiales.|economía
484|La ministra defendió el plan gubernamental durante una comparecencia...|La ministra defendió el plan gubernamental durante una comparecencia ante una comisión.|política
485|Un bloque político propuso cambios al reglamento interno de...|Un bloque político propuso cambios al reglamento interno de la institución.|política
486|La empresa migró sus servicios a la nube para...|La empresa migró sus servicios a la nube para mejorar disponibilidad y escalabilidad.|tecnología
487|El club confirmó la renovación de su entrenador tras...|El club confirmó la renovación de su entrenador tras una temporada con resultados positivos.|deportes
488|El hospital inició una campaña preventiva para detectar enfermedades...|El hospital inició una campaña preventiva para detectar enfermedades respiratorias en adultos mayores. La medida forma parte de un plan institucional.|salud
489|Nutricionistas promovieron una alimentación equilibrada en una jornada educativa...|Nutricionistas promovieron una alimentación equilibrada en una jornada educativa.|salud
490|El gobierno anunció una reunión con alcaldes para coordinar...|El gobierno anunció una reunión con alcaldes para coordinar proyectos de infraestructura. La medida forma parte de un plan institucional.|política
491|La nadadora ganó medalla de plata en la competencia...|La nadadora ganó medalla de plata en la competencia sudamericana juvenil. Se esperan nuevos detalles en las próximas horas.|deportes
492|La liga publicó el calendario de la siguiente fecha...|La liga publicó el calendario de la siguiente fecha con varios encuentros decisivos. El anuncio fue recibido con expectativa por la comunidad.|deportes
493|Investigadores desarrollaron un prototipo de robot educativo para clases...|Investigadores desarrollaron un prototipo de robot educativo para clases de programación. La información fue confirmada por fuentes oficiales.|tecnología
494|El consejo electoral presentó el cronograma preliminar para el...|El consejo electoral presentó el cronograma preliminar para el siguiente proceso democrático.|política
495|La empresa migró sus servicios a la nube para...|La empresa migró sus servicios a la nube para mejorar disponibilidad y escalabilidad.|tecnología
496|La actualización del sistema mejoró la seguridad y el...|La actualización del sistema mejoró la seguridad y el rendimiento de la plataforma. Se esperan nuevos detalles en las próximas horas.|tecnología
497|La empresa migró sus servicios a la nube para...|La empresa migró sus servicios a la nube para mejorar disponibilidad y escalabilidad. Los resultados serán evaluados al finalizar la semana.|tecnología
498|La biblioteca escolar recibió nuevos libros para promover el...|La biblioteca escolar recibió nuevos libros para promover el hábito lector.|educación
499|La feria tecnológica reunió emprendimientos de software, hardware y...|La feria tecnológica reunió emprendimientos de software, hardware y datos.|tecnología
500|Un ciudadano fue detenido tras una persecución iniciada por...|Un ciudadano fue detenido tras una persecución iniciada por agentes de seguridad.|crónica roja
